CODGEO;SNHM19;SNHMC19;SNHMP19;SNHME19;SNHMO19;SNHMF19;SNHMFC19;SNHMFP19;SNHMFE19;SNHMFO19;SNHMH19;SNHMHC19;SNHMHP19;SNHMHE19;SNHMHO19;SNHM1819;SNHM2619;SNHM5019;SNHMF1819;SNHMF2619;SNHMF5019;SNHMH1819;SNHMH2619;SNHMH5019
01;14.6570229627526;25.319887312681;15.5317771052947;11.3419515469029;11.9281510787151;13.0440694256039;22.075824193883;14.1746895296058;11.113294512777;10.5561945158104;15.8023000449807;26.8338568789919;16.6252326920412;12.0053897356736;12.2874728408852;10.3249562036716;14.6244630709919;16.6087885161802;9.861072093152;13.1747509309214;14.093497823017;10.6537058612481;15.6442359810382;18.4367082129828
02;13.4905125349157;23.7635445629;15.344498541774;10.9072834458772;11.9126473112789;12.1958948047631;20.7417549936199;13.9960138246849;10.6744367352397;10.5130599343192;14.2372947590571;25.0957152116407;16.2749398359237;11.4236376786252;12.193226569829;10.1237431990757;13.331644521705;15.1875903772828;9.71929220050481;12.1655625558;13.3363197037339;10.3969551293351;13.9910394115404;16.2414600848757
03;13.1239077124887;23.340957341506;14.8584668084949;10.62652297448;11.5827152975374;12.0094641885839;20.410012366146;13.8308104531655;10.438576411279;10.8277890236909;13.8988749353358;24.8029785243431;15.6115155906297;11.1433716186273;11.7574075028338;10.0121219679732;12.914569139897;14.8271691447742;9.67749546319862;11.9169935078815;13.1308964133636;10.2508050144977;13.5934643015481;16.0513159655771
04;13.5921113834959;23.0909559984362;15.0595235030281;10.7243589610648;11.5225580522525;12.2591212828577;20.6273204660378;13.5949496004067;10.5141727039865;9.94909408139973;14.5625427555787;24.3466837456031;16.2570350723558;11.1901053950943;11.8198365104117;9.81216206817589;13.3023151947479;15.6344479740314;9.56128425023282;12.1657287391055;13.4513849015229;10.0021080140727;14.0998272450392;17.3268244091692
05;12.940012872305;21.6206288800456;14.5461599893458;10.7533490313591;11.5131625382955;12.0001757787983;19.7679638273198;13.5377074210606;10.5863147070872;9.54563474227486;13.6589332263753;22.6708565058161;15.5126108259848;11.0983222265855;11.7964943204658;9.81435206962009;12.6973704642363;14.7798080412152;9.51740333404221;11.8199259419043;13.3705401401024;10.0379276251794;13.3519899132543;15.926695971616
06;15.4859395700169;26.757142616657;15.8089382470029;11.474006495603;11.8731874839597;13.8928846396804;23.3042439255981;14.8571075710857;11.2842313363997;10.2426024630851;16.7611325925993;28.6478192241555;16.7868293141032;11.8113153321657;12.1836189432504;10.4998336845397;15.2404130027592;18.0389273786141;10.0372473442059;13.9444613405235;15.3509375064662;10.8978932022784;16.2498112363926;20.2637776034625
07;13.6398154599465;23.9041666051728;15.1023436863826;10.8250125926084;11.7112189802234;12.2138525079818;20.4176339823641;13.6854708204475;10.6120180255471;10.7142276598812;14.5958754683848;25.4323999680115;16.1488455233421;11.3565493214265;11.9415641385283;10.0215541933278;13.4422956332527;15.4988929178637;9.68281848960369;12.202486163431;13.1911928223848;10.2405045350365;14.2635232040967;17.1104194449984
08;13.4363808013479;23.4883738951392;15.1095866057224;10.6698379045861;12.059323306754;12.0711090591014;20.3320836834947;13.7995077786283;10.4639016544756;10.9150438154231;14.224315010095;24.8553596115259;15.9950568926934;11.276325476956;12.2509934316189;10.0594301169194;13.3390062716298;14.8478264364615;9.58652010503072;12.1578431501039;12.8075752501343;10.357257624756;14.0171630533965;16.0027334651715
09;13.0117296113229;22.4622429066353;14.7021638320378;10.4543768233205;11.611991938063;11.7100065281748;19.2072902342845;13.3774559800872;10.3379443543613;10.1737870761072;13.8839376464521;23.9441222322337;15.7180548906977;10.7488890505896;11.858555368268;9.83830558034362;12.7782279709367;14.6714792583631;9.55266365459303;11.629040496478;12.6303762622507;10.0235991641858;13.5380721207015;16.0954784385437
10;13.3958594073089;23.8163244112901;14.8934367214434;10.7101344130476;11.3987156171431;12.1743719618372;20.7553915573523;13.7393275268891;10.5422959117012;10.0811914489733;14.2575168007224;25.3959032185307;15.8220879372703;11.1312930920156;11.7012649043178;9.96891993468972;13.38483242865;14.8713795402605;9.62581995232778;12.2739062023404;13.0613656893385;10.2361373585942;14.1432661925468;16.1952262469408
11;12.7717454253694;21.8329346445793;14.4775961025605;10.5462257611282;10.9266332900357;11.7929310255553;19.3512193402918;13.4451511249981;10.3625909436765;9.54228190239106;13.4846032852141;23.0922714990314;15.389250996476;10.963620788781;11.1550001930307;9.73850137420984;12.5684486173289;14.4148621927869;9.55278179473432;11.7277411558804;12.8207878919551;9.87996447683061;13.1717791390597;15.595327017755
12;12.9639903351494;22.2550838355321;14.5487913717846;10.6746009760179;11.4554413835161;11.8833611157132;19.6213503837964;13.5698396110931;10.4931767479047;10.3175099908622;13.752962485106;23.5754219429796;15.3470738048248;11.2062925272079;11.6707816599032;9.92337214963723;12.8534915596654;14.3880011792916;9.67055989984541;11.8373232703622;12.7334254640355;10.0833323937977;13.5864999669784;15.6977860023793
13;15.6904683368283;26.1366507191463;16.0103747836557;11.2227758199358;11.9858828687396;13.8894924446376;22.6697879539725;14.4968669010038;11.0314755916409;10.0850739314695;16.9734386881992;27.9802734188909;17.3200777500094;11.5792843874222;12.3216397229281;10.4084390389239;15.4766071318555;18.3725243271831;9.95039469187172;14.0295683592004;15.3019510431883;10.788783558903;16.4870960708359;20.530888829786
14;13.8570132853918;24.5789536592002;15.0474529166687;10.8146051210762;11.4962396111956;12.5898355789024;21.3687561289503;13.9761787191938;10.6543002629102;10.3376781446406;14.7811561054063;26.259766532181;15.972517953098;11.1920635839572;11.7551303131672;10.0588938131218;13.7648135473152;15.9633832256569;9.67735450305786;12.6806982431067;13.8235677776591;10.3519474227665;14.5424233370846;17.5506272145928
15;12.3052429110363;21.8570639128112;14.2025438597433;10.4917833802638;10.9123567114479;11.4514135576675;19.1735143209218;13.3272742253445;10.299894272653;9.89613551679732;12.9538416980204;23.3083558868258;14.9940010746299;11.0499058155515;11.1243966760711;9.76486880289181;12.2242497199156;13.5260356200633;9.506229405757;11.4595867698024;12.1767898065871;9.94658129353921;12.7993052379265;14.6073212051102
16;13.6899948363524;24.2301761577139;15.2462935481535;10.9240834119747;11.7142416716467;12.4619476990863;21.1874752652894;14.16874781629;10.738243025922;10.5646237835903;14.5770136269771;25.7932636712276;16.1616701681597;11.4879325315767;11.9887974135146;10.1077988174825;13.4036560897348;15.6410638661583;9.84081898659963;12.3876191962159;13.5850800272739;10.3059732290506;14.1254589127616;17.1664026022717
17;13.4883158480086;24.3721838774831;14.976167517016;10.7845920160814;11.3600881670931;12.2548348551339;20.8528701740414;13.8288333066264;10.622474254929;10.1157371013325;14.4069435171392;26.1950051833707;15.9351535006468;11.1751349153694;11.5755131976187;9.85524475069428;13.3222030662611;15.5207883019126;9.55933917338199;12.2517348952951;13.4521448955697;10.0789131398374;14.1059725512507;17.1166635149997
18;13.5704986325862;23.9028253499487;14.9495747034595;10.871778708792;11.4338185286467;12.2489400859652;20.5083792907319;13.7476606717182;10.7112664179669;10.3506584365566;14.4738569184926;25.4327017015116;15.8479935840752;11.323716533258;11.6928104500058;10.1020110690115;13.3513126910157;15.3201067192252;9.85276242016305;12.2076021331983;13.185787567292;10.2693279326986;14.121466038878;16.8372186565469
19;13.2173645082885;22.9301136224437;14.7532016850888;10.6367257196835;11.2579345570987;12.1036618290411;20.0711477890176;13.6845551916057;10.4434134725837;10.332481894351;14.0077730942434;24.438829968149;15.5829198117789;11.1734265990806;11.4675523647189;9.93309187302973;13.0840417544859;14.6848596022683;9.62851658739941;12.0768780823267;12.971245976928;10.1359190239509;13.7786527199758;16.008476632119
21;14.4656899745862;24.7013389410454;15.1708498762021;11.1355984237435;11.6960455093962;13.0764952555536;21.4050280885151;14.0910459577885;10.926228517005;10.4985447366106;15.4798870790028;26.4831800870435;16.0811996496809;11.6449009087051;11.9690636774615;10.2025679499548;14.2925762128413;16.8464926801376;9.82888978282286;13.0969010384794;14.5370267620817;10.4916719337682;15.1442177004973;18.5906714695238
22;13.3636868517229;24.4004231355664;14.9004901956354;10.7989631723911;11.2681400669986;12.178785753106;21.24384354792;13.8595874258828;10.6345148023201;10.241626741447;14.2044314010329;25.8656322099245;15.7550265197394;11.2510639170003;11.5300958240041;10.067282203134;13.2173078567311;15.2301504010474;9.75727250962252;12.1648347225309;13.2782211940966;10.2808359184333;13.9578774045656;16.6629579878908
23;12.2532032166401;20.8453611287123;14.1086742960399;10.4529422840881;10.8117085312583;11.6282808343054;19.0568440746839;13.4594128923144;10.3090849853659;9.65041241261453;12.7122657168667;21.9279971917965;14.7117731034009;10.8531954659188;11.0076773323952;9.75515666029751;12.0379382737305;13.5964151680618;9.60069216307962;11.4801057117669;12.5702014835515;9.85969282121878;12.4331148696907;14.42995801858
24;12.7571638848705;22.2021799919067;14.4325909804802;10.6223869819371;11.1712115113888;11.8604508891588;19.6614538267248;13.5419344999332;10.5024397911214;10.1834906958774;13.4237142598169;23.5757162174638;15.2120642495884;10.9371320426794;11.3875657151075;9.78812744832171;12.5118707821282;14.4124369404442;9.59970837056255;11.7050686663495;12.9853400938255;9.91964253872761;13.103576180348;15.5305710142275
25;13.9668294818897;23.9655735725449;14.8949857516933;10.9786375438152;11.9029866427232;12.4595295461365;20.9208654563654;13.6393025688568;10.855034118757;10.7863019081725;15.0298331054027;25.2545009813302;15.8764842232515;11.3160420928819;12.2402019322343;10.2687855327197;13.9045236573948;15.9081150663028;9.80257559130876;12.5731130455335;13.4955670063864;10.6095835526084;14.8269497332923;17.6515118058641
26;14.3317194879194;24.714487765632;15.3344787865166;11.1280114260484;11.6284666014669;12.6940663912795;21.2108026087667;13.9462640276355;10.8490487301989;10.6219305936235;15.4620398081662;26.2342491902571;16.3380714453503;11.826720986398;11.8935998666113;10.1928990493332;14.1961545594843;16.429984259524;9.91325740655471;12.7396494980031;13.7978339837944;10.3977194289984;15.1748518125168;18.3168273584684
27;14.7028509890937;25.4779912970396;15.997711758247;11.196006699432;12.3147667535403;13.2062349271837;22.4219548644844;14.5657624209763;11.0013344755833;11.1634429546123;15.6933794724876;27.0101840723159;17.0373437279426;11.7258296168548;12.6175557779745;10.2872134989781;14.4674788560716;16.9826862226741;9.95851119171098;13.1746598874791;14.5875552748315;10.5173123555399;15.3224292625665;18.5371214794689
28;14.775046340395;25.4086725876609;15.616986323884;11.365612123788;12.0528817379377;13.3653608174236;22.3052974901622;14.5180527855018;11.1813278575306;11.1474923147966;15.7244804138241;26.8695564897522;16.4545350452202;11.8164026767258;12.2794112406547;10.3047941703635;14.5618017568077;17.0116932082357;9.93866820517474;13.361160222299;14.7563293449559;10.5702643755959;15.3631868969929;18.5206444688799
29;13.7254608159343;23.8505564361186;14.7853910350146;10.7657561205227;11.3726426475717;12.4260409635745;20.646964255717;13.8273704270818;10.6228617532687;10.1373690191103;14.684968017363;25.4655303613444;15.5923772687094;11.1319284625962;11.6551854144728;9.95067327485023;13.5915407704101;15.7172429582013;9.66438402523347;12.4934780180797;13.4400169729186;10.1629623242665;14.3822438125031;17.5037023796878
2A;13.556989284164;22.7411353350542;15.7854523534662;11.0407313527617;11.7654267486993;12.4474752328406;20.2359901802477;14.5686015815948;10.7798501276796;10.0128891610714;14.3996419453832;24.216046691482;16.9361449922344;11.5642753553024;12.0248779984816;10.2052548581719;13.2722016292355;15.5064096970314;9.99539625830176;12.3225167385688;13.702128227283;10.3655343122106;13.9975236398078;16.8566927001101
2B;13.222178458076;22.2385255224534;15.2284288715395;11.0113611267236;11.6173793612009;12.1566742884986;20.0000268308684;14.1395448727503;10.6797632165975;9.88264607324995;14.0232118879487;23.5124807995201;16.2022925235796;11.7021997568852;11.8424011813176;9.9738768416946;12.8969260841029;15.191252662428;9.7377092273182;12.0404985944333;13.3579446020009;10.1542229720464;13.5422404262726;16.5543477089568
30;14.114729790997;24.3380753881185;15.3350731846642;10.8251086788773;11.6535348105363;12.5692734302375;21.0088954130653;13.9498957712102;10.5531948203043;10.137046437757;15.2002518543204;25.9752373390964;16.4271921896157;11.4607824149952;11.9020412415572;10.0007644636919;13.8362395545556;16.31125584776;9.61828426065975;12.5837436231871;13.677353422121;10.2822430622917;14.7057526549636;18.178309123708
31;16.5378575594063;25.2446683872384;15.3531464351028;11.1682918475935;11.7263679183833;14.5028475915696;22.2820926176868;14.1766666013534;11.0337131421707;10.3220524770895;17.9292732564405;26.6596762379023;16.3306659819275;11.4562527319956;11.9738345226687;10.4903294184103;16.1717967592159;20.4476293461147;9.94315329668666;14.5940941129322;16.5351560263971;10.9035678790586;17.2324773472163;23.1240120884034
32;13.6689224457074;23.9724772914703;14.7114690953582;10.8161751931501;11.0970536839094;12.3877685774126;20.5681329016927;13.7409445643056;10.6681962366951;9.96942649133288;14.6152507918929;25.6402107208117;15.5306399040605;11.2342714774855;11.3486024992844;9.79671560360178;13.4967490905245;15.3358847244492;9.59953791540667;12.3603218842138;13.3409652092959;9.93559437583369;14.328816480259;16.8609234564507
33;15.2608964854212;25.2865144126892;15.2904381904068;11.2101948818997;11.6571593580748;13.6181197355097;21.9627595165306;14.2511633732837;11.0189648004188;10.208418413544;16.4982394743165;27.0175075995117;16.2459851301856;11.6416964057253;11.9181791651487;10.2223061095639;15.1248786850679;18.1300993734662;9.85967485188017;13.7447773296009;15.1877151837052;10.5176842031034;16.1498991947625;20.34969457063
34;14.3736495536594;24.0529403370122;15.0093500062312;10.8685481591817;11.2160377953972;13.0405487383617;21.1844346455778;13.9465689411784;10.6699939015123;9.97089335651541;15.3724267173543;25.5950996705198;15.9794563822435;11.2569048292917;11.4080991888039;10.0202376657812;14.2232744778351;16.7378268075803;9.7285411903526;13.1231561291986;14.382112238092;10.2644442690933;15.0175729058795;18.5875394638329
35;14.589379648022;24.5062209018259;14.7376954070815;11.0249119296177;11.4689684518459;13.1018539244386;21.4208358642285;13.879943688125;10.8616974742501;10.4854455536298;15.6345607043748;25.9555466530365;15.4514339005013;11.4250327049211;11.713950494298;10.1231062818602;14.5778079908931;17.0039881426489;9.80927501471012;13.3106386801843;14.2858922719227;10.3513049262285;15.4594735571794;18.9329365109151
36;12.8456871292368;22.2263286977748;14.5611064639803;10.6540978121806;11.3907516320821;11.9264485272156;19.736941069767;13.5557271535586;10.5331480292153;10.8953011561501;13.5178809047278;23.4664987587558;15.3578620247324;10.9978879266828;11.5374680240565;10.1032914783754;12.6614602610391;14.2093302100305;9.81837785229211;11.7771128938924;12.9241873191609;10.3048895543925;13.286841705144;15.2265157815328
37;14.6308221777317;25.1012207492973;15.0446842781113;11.0244259596908;11.533578782689;13.0681118405648;21.5602283260362;14.0687248114531;10.8314898391741;10.4970933611076;15.7677829998635;26.8059856466173;15.8416790665399;11.5169540495928;11.7654722490614;10.1704794649476;14.5297158193154;16.8026475170521;9.86795158947357;13.2284596854282;14.0550274285181;10.4002723366305;15.456013484046;18.8760685992797
38;15.9632868656425;25.7436978878459;15.7775118934534;11.4121245705864;12.3890625079505;13.9998048412154;22.583391295261;14.4894833637334;11.2042674608837;10.8796304647843;17.2382250148653;27.1653477172018;16.7257141456531;11.9135505281408;12.7270468830569;10.5132644063445;15.7533781675333;18.8246859920529;9.99388644850877;14.1280842341754;15.4718579675612;10.8736616861419;16.7990413673023;20.9896046212448
39;13.5910305840191;23.6200410399423;15.2122818711149;11.0100318775298;11.8647702146197;12.100112479249;20.432034508819;13.6178712858328;10.7611689663832;10.4760263438309;14.6150993760976;25.100061044766;16.3888207933112;11.7520352731198;12.2542821824702;10.2257695452879;13.5001290624023;15.170269668633;9.76167656547628;12.1712918932573;12.8988185627132;10.5443353973682;14.3998805261978;16.7788703844431
40;13.3520238479217;24.0955159960803;14.9191009810904;10.834943634146;11.440466717605;12.1009458089881;20.7395312839697;13.8151247681424;10.6293682578927;10.0009560366477;14.2372582508555;25.7585428900574;15.8140311913503;11.375629652509;11.745413637283;9.8413317036099;13.2037244900057;15.0857578158892;9.59151919617015;12.1381647393772;12.9848469533366;10.0145529835993;13.9577444705;16.5839183751116
41;13.799630103206;24.7634132071371;15.1957213790422;10.8912153090818;11.5474490102928;12.5160250190184;21.7539485335369;14.0731866440555;10.7664862814686;10.5568752921071;14.7179241698358;26.1727349031278;16.0993042760644;11.2337431906735;11.8195973665678;10.1626303364998;13.6022490386065;15.6043593726666;9.91246776804254;12.4583616830076;13.6094389588043;10.3426589010279;14.4108570826557;17.0665446836963
42;13.9960143702997;23.6674008568439;15.3469835147;11.0303022119517;11.8263272387547;12.4389878339089;20.7477150714674;13.7497410658889;10.8084948335064;10.2369343700755;14.9990298105112;24.8813292664895;16.5828277146313;11.6232861407143;12.143235011104;10.3554350002385;14.0148485923534;15.6174852493014;9.796858518845;12.5725709361457;13.3094762478042;10.7219095826241;14.9154957729909;17.2061005121773
43;12.9411108534928;22.1682727218728;14.4738548717869;10.735324560686;11.4621355563958;11.7757914004246;19.9966767218594;13.3589630061449;10.5049962206907;10.1159615131566;13.7480347477106;23.1362227253798;15.372447775691;11.4431100382724;11.7680723568227;9.97105369055883;12.9797933080042;14.1485317983862;9.62199839652984;11.8384513932877;12.5104229007833;10.1984588047545;13.757170892786;15.3583957168615
44;15.1842614987072;24.4309301878361;15.0852342355519;11.1637423989996;11.8342797640161;13.3966156391291;21.3135244827286;13.9449223603564;10.978062193129;10.445811576456;16.4426416561341;25.8922820847644;16.0023581571726;11.6378422968147;12.1518635618426;10.3101728029115;15.196742058372;17.7953655084785;9.90441330199575;13.6470920582682;14.5953443056502;10.6165861058018;16.2656457208494;20.1025680996906
45;14.6939926771017;24.9341092103341;15.6451820029824;11.1771949301254;11.877806798661;13.3469209622709;21.9994660091108;14.5929209688538;11.0364284309508;10.974700792272;15.6514167510527;26.4296241463138;16.4980498290391;11.5275829933894;12.1472262532924;10.3799553913377;14.4866034381812;16.9686157680738;10.0344565832874;13.334415467819;14.7378536226678;10.6364242187854;15.2882400317278;18.6098000645438
46;13.1469168820011;22.6869659241259;14.4329801973604;10.5319738242727;11.2223941693898;12.0384649770742;20.1897320455996;13.4602524983559;10.3971760959327;10.280102509511;14.0057711121697;23.9486442639412;15.3070123343305;10.9114944482007;11.4293235083161;9.87564790878599;12.9295152200838;14.7303499602063;9.73524461945287;11.9641791433515;12.8593932833612;9.96798044626843;13.6543303074054;16.3649954747977
47;12.9816003820482;22.93297775477;14.8071968336826;10.7079171089748;11.1543686086239;11.9977934236823;20.2987782985717;13.8362220315874;10.5189963049049;10.1541524663246;13.7133390062967;24.3073070736942;15.6460079614885;11.2619438637162;11.3815768544563;9.81744616922313;12.8334050590729;14.5505307925143;9.5264311948776;11.9702617756859;12.9551621898829;10.0240070102484;13.457087378165;15.8384503238859
48;12.2051774921859;20.3995584082346;13.8657603000499;10.524467946657;10.9383596961115;11.5429438370729;18.3553763860556;13.3466801258222;10.3410657115248;9.49388069041076;12.7457803356321;21.5839879662436;14.4304519499722;10.9995351144854;11.1617632904584;9.75215644159321;12.0980119172646;13.5326904734239;9.59205883399726;11.495052500812;12.3780130407924;9.86414065691439;12.5756236532905;14.6111292733235
49;13.6452362733198;24.2406122864145;14.7790630802891;10.8816997635914;11.2877444229839;12.2593114719217;20.7338059747164;13.6052016891857;10.6801355397675;10.1583592376463;14.6376080787396;25.891182213619;15.7183744914937;11.4559217161175;11.6012494923512;10.0808581446454;13.6450536253276;15.4795075172182;9.68666286684133;12.3938836177697;13.2343329436818;10.3722438669613;14.5249524547462;17.1385070007887
50;13.5985124866268;23.8374762128991;15.0567801913306;10.7219086329237;11.7337172541864;12.1163459070022;20.7516395343135;13.608174489415;10.4605449873765;10.4908923225134;14.589201460235;25.2311942762704;16.1258560500058;11.4828712870074;12.0182199234563;10.1957784100561;13.4827009583107;15.4555723275768;9.83458830466959;12.1512228930638;13.1143555025471;10.4485147478941;14.3599138199213;17.041128570454
51;14.5660106440775;25.2052102676939;15.6064800124645;11.095303782342;12.1752209486858;13.1284126262634;21.6452552122724;14.3461336570085;10.9298915667847;10.8377192388405;15.5769902096828;27.218410926344;16.6761062921661;11.5028493060056;12.4565749636325;10.547858877572;14.3870209131182;16.802334933695;9.90276313180183;13.2315924227132;14.3976282354593;11.0550940499926;15.1887553012477;18.4674884245004
52;12.9304585838414;22.8315161299662;14.8005031417761;10.6543211524336;11.6667914886885;11.7687075633481;20.1022672869392;13.490116332485;10.491065459772;10.4429472322892;13.6370211702652;24.1395061763664;15.7028793882417;11.1637439563282;11.9188677360675;10.1406253689337;12.7735333311124;14.3319055005939;9.76995028386061;11.7147642981581;12.671402693772;10.3801412637461;13.4095139111592;15.3456285533433
53;13.2114938109442;23.8013456078043;14.7341705569221;10.830771471555;11.4174326066914;12.0308240752301;20.2783497100877;13.6988711961726;10.6340191143193;10.4700672176361;14.0082494895179;25.5104063258115;15.5113204013952;11.4291758441974;11.7077190809615;10.0716792264818;13.1822966469338;14.838186677794;9.67966199462522;12.137326314776;12.9267263183098;10.3350233419022;13.8889600188725;16.1242560821159
54;14.2404198974708;24.1643594948839;15.1476683734029;10.8562997023235;11.842155637026;12.8306652420155;21.3300992613782;14.0282637713637;10.6668625560302;10.1313744519364;15.2460418943935;25.6088801951294;16.1198521239584;11.320496966708;12.1293362972822;10.0807441094512;14.0703276897764;16.4861731199319;9.77566996477272;12.8781064475905;14.1459210137483;10.3269903357271;14.9015541621346;18.1597052367255
55;13.2077410033889;23.3119048802683;15.1097400187639;10.7012124827329;11.8700846883543;11.8664473499801;20.0140849462457;13.5565791080639;10.4932761561449;10.392975047603;14.0226784104995;24.9391111308955;16.2329312351212;11.2948329537074;12.1464008900159;10.1419581636351;13.0688086549294;14.7296750014128;9.79068095837317;11.8438497304256;12.7480812924007;10.3522976777458;13.8240808435447;15.902157086216
56;13.6342518263231;24.8260464965831;14.9408154083535;10.8344203175949;11.4156586824575;12.3127261284342;21.2171142011713;13.9003801320566;10.6344250305921;10.36880893301;14.5770942567822;26.5539559206089;15.7815233899244;11.3787337689874;11.6766181992405;9.99854873700141;13.5240204885523;15.4652879022644;9.64809642524548;12.3956505557535;13.2322306333323;10.2507583439381;14.3096251457911;17.1498226208075
57;14.0092482554424;24.6164492912673;15.4475812211796;10.7232149106984;11.9544492522906;12.2674675450479;21.2513947891556;13.8650025654573;10.4981545923847;10.240275630258;15.2581288504597;26.1240997655291;16.6972827590111;11.3577125573943;12.3264236860462;10.1517378409944;13.8028141287339;16.0182020201719;9.73937696722456;12.3269067760107;13.214748401294;10.4941497570729;14.8233671029193;18.0765560772369
58;13.0067583705967;23.0395137359836;14.7354356613789;10.5620131050095;11.3993987773621;11.8793995991076;20.5041855791827;13.505417586724;10.4065897145617;10.2451384494657;13.7846133287466;24.2788116862021;15.6809389091443;10.9932160996547;11.6348773033999;10.1217602731491;12.8087352272096;14.5188193035999;9.75456281049758;11.7840742321465;12.8517231317346;10.3813646430075;13.4884966196029;15.7557204829675
59;14.7227819811343;24.6838909665128;15.0950634840843;10.9331445168007;11.5826464956019;13.2540782561643;21.6748248875247;13.8445975894046;10.7071570141229;9.98831480553186;15.6614794244953;26.2237505747641;16.1161258097485;11.3710855537322;11.8689530037139;10.4317353326252;14.6514102897972;17.0343431772812;9.93086049254588;13.459201957234;14.4636182444927;10.804674769345;15.4046329775689;18.60986185263
60;15.5746790041727;27.218880911029;16.2039975380178;11.6186258357919;12.4446201080317;13.9031083685392;23.2166709404326;14.9591320204085;11.4111445546979;11.1484081020763;16.6867197936601;29.2363549522504;17.159306807782;12.0721536061859;12.7440793339221;10.3390466715972;15.2462869341955;18.4887416472898;9.98254713279607;13.8987637903597;15.6445926174714;10.611240045508;16.1421808218248;20.2820846035007
61;12.8480892831109;23.4946665654356;14.6148361511179;10.6155586313391;11.3979426570257;11.8235550444217;20.5679265093142;13.6380106991035;10.501306108979;10.4421611056223;13.5684547617881;24.9046359810993;15.4512742931315;10.9726679189675;11.6618315776947;9.96554216626748;12.7018612680828;14.2873033781611;9.67927951565128;11.75788374612;12.7460977834812;10.1612664133759;13.3446928958149;15.4575804089879
62;13.4426311658082;23.7696199817824;15.0327550629231;10.7645371470027;11.7144230971393;12.0734374939904;20.6438569872711;13.7106967083816;10.499112232492;10.1541338260157;14.222003174944;25.0560763974318;15.9382029353686;11.346759007688;11.957310016967;10.1322466494375;13.3150117321946;15.3839253369371;9.81997622635913;12.1263267540112;13.1214648289778;10.3358404590149;13.9858331573216;16.6191401187252
63;14.6604640470108;25.0456615114268;15.3819962071419;10.998631152837;11.769076250649;13.2039287760488;22.0304694148211;14.1731066990655;10.8060411913816;10.5120705087043;15.6528886191558;26.5858674245986;16.345562644402;11.4646932530572;12.0270843715381;10.1389630615551;14.4412579031278;17.1378182347402;9.76678277310562;13.3056780480884;14.4341439667321;10.4057529461789;15.2006205771711;19.028135294351
64;14.5659783555068;26.0943372922106;15.4570276109414;11.0806019494975;11.7653990034433;12.852519325807;21.8960862082339;14.1637396590752;10.8507882987961;10.2152978063382;15.8532224771206;28.1685698723266;16.5282109572452;11.6618029429435;12.0560519272338;10.098835045931;14.2002616163903;17.0718143178126;9.79363480292189;12.8049311785514;14.0575347827214;10.3247373785752;15.2320783820346;19.433549409472
65;12.9516769387825;22.2524264867318;14.7619578813923;10.5409004766654;11.3387380901329;11.7780870467599;19.3720641177102;13.6712176600177;10.4143088555208;10.0045700805074;13.8719511011308;23.6851626136087;15.6092069754955;10.8786763560076;11.5760942442096;9.89793131048015;12.7291930200941;14.4267079868822;9.67338870109525;11.684608772728;12.6039571917486;10.0634429555374;13.5198259038814;15.9924745269656
66;12.9312350493256;22.3990511240126;14.4070721005398;10.7828377819524;11.0289838597788;12.0324002584064;19.6932621713441;13.5327636543461;10.5834806692516;9.79422589613245;13.6387529697054;23.9764235560723;15.2515431454135;11.1886700697921;11.2580310954329;9.73505030383356;12.7310658700708;14.5901492834851;9.64898617182652;11.9467897125941;13.1255800597454;9.80694394907525;13.3330565466669;15.7856364423335
67;14.9326556723968;25.107951841644;15.5356378763376;11.1273779845111;12.182217420407;13.3030296138927;22.1069987558836;14.298814133402;10.9531090860376;10.7648646233556;16.1154131982382;26.6150743654607;16.6212331333576;11.563537133255;12.5202299711387;10.2849012806931;14.7088218066044;17.5128942182733;9.84026731199681;13.3794490934974;14.6779900769007;10.6355420085493;15.6521762678086;19.6114680559142
68;14.3312913663147;25.0127822255643;15.5385231053994;10.9501539001174;12.2195886883372;12.6025315571697;21.4708533545858;14.1065826384302;10.7243964881475;10.6210035017897;15.5704793862539;26.6504981916082;16.7319806272638;11.5908729822084;12.573803031435;10.1783798193261;14.1617461298325;16.5102142091709;9.72741895074728;12.663099847248;13.7323189200666;10.5281582263398;15.214673787104;18.5299608230447
69;16.7252599760999;26.5745766714707;15.7319906436181;11.5135895504357;11.7635503075111;14.9221284403834;23.3140475582267;14.6563278581325;11.3606526332246;10.4855779144301;18.0290497107128;28.3623694263;16.6954794119664;11.8139622484253;12.0196234601325;10.7661072587548;16.5908270202899;20.2872982327878;10.0883967740326;15.2578793090928;16.7032049534584;11.3224418898899;17.527562345452;22.9179690784475
70;13.2550296471194;23.4293676275902;14.6977134011074;10.8269988823514;11.6392952876044;12.0791070473161;20.9671271161007;13.4894079207917;10.6653825468994;10.50396405815;14.0403249101035;24.5499420076776;15.66949012344;11.4059351322456;11.9139684817936;10.0939778961682;13.2126924400064;14.5600630235945;9.82290746866244;12.085624243064;12.9467071154284;10.2813595714897;13.9617647919999;15.6348790324852
71;13.701306355614;24.3609719894189;15.1111408005558;10.8211214897102;11.8630317166895;12.1391558161278;20.9532714381603;13.6860975289579;10.5927028396264;10.3052302699178;14.7370148337429;25.8686675479002;16.1812935336273;11.5258236269478;12.2042463159329;10.1338540367474;13.6042495820554;15.3368203234486;9.69896846900312;12.2113273796394;12.9449197852733;10.4242156371687;14.511317338459;16.9808642840339
72;13.813074045207;24.4755432663762;15.0813467250661;10.9759682693527;11.6741709899582;12.4922986856748;21.212536322107;13.9368325775352;10.8054811405363;10.5912352597315;14.7201778249027;26.0347591263557;15.9838825324071;11.4364379255986;11.9668096061769;10.1873886235785;13.6852575533852;15.7385399867333;9.88406908866623;12.5470578354865;13.5633310147982;10.4112913865194;14.4564775231383;17.2344030788703
73;15.0562017890373;25.2843243706807;15.6077230523119;11.4922260736746;12.9222131834227;13.1683188581646;21.6460867551679;14.2196009001991;11.2020108097753;10.7074163135139;16.3092120767222;26.9845405105086;16.6654164128757;12.1947016015264;13.3280236492045;10.5695198192699;14.9102398476132;17.4006086828866;9.87921266099031;13.2408356194386;14.4553444842204;11.0388265495192;16.0031418963622;19.4001033960581
74;15.0108045295807;25.7529171265269;15.6791071396887;11.5272189630427;12.7689975237824;13.3373965016782;21.9698146097417;14.5064305478638;11.3545672240088;11.1712428820266;16.2594857073293;27.6990489835861;16.7111671504718;11.9289076457241;13.1717085862694;10.5727430483205;15.0467763742255;17.1167361257547;10.0990369351678;13.5854778365698;14.3104138433373;10.9248389194278;16.1210040707746;19.292835607142
75;25.1438680882259;35.4186618436224;18.7639437293079;12.4098307857759;11.3273768763767;22.0158422982021;30.06261968564;16.913117680532;12.4138371484364;10.927042697542;27.8035238080514;39.7600947488921;20.9177753607706;12.4049252111852;11.4201837655824;12.729394267627;24.5260289829733;32.0678225997286;12.1268455753048;22.399575500367;25.448513246916;13.4005544938208;26.2742969221126;37.6616598638495
76;14.8171108855988;25.535113535542;15.9407094651269;11.096780483326;12.5428642292439;13.0906821297626;21.9980014666101;14.4418584833863;10.8738217691242;10.7566843492816;15.9085194135713;27.2642468584515;17.0120871070131;11.6456049445518;12.8691269087928;10.4615956695356;14.6633726179863;17.2016686314816;9.97300978930958;13.1875295291909;14.3499234273923;10.8075577633877;15.5756059545499;19.0171590340936
77;16.2156788938643;26.0205167526316;16.4343643668973;12.0568453058213;12.6024516827312;14.7694417766817;22.97778420742;15.4413766277375;11.9120208800513;10.9411879842829;17.2446272908197;27.7494338028692;17.262232072786;12.3258757151197;12.9285882621878;10.6426773578432;15.9436165673234;19.1967156862107;10.3195569981433;14.7843005251867;16.7817576651516;10.9106515554117;16.7681188517578;20.8107212838824
78;21.8251092098662;33.5116942819138;17.2262255615789;12.2736627012873;12.2677223258759;18.7023361538013;27.9224968038202;16.2662972510484;12.2605581801859;10.5408471764656;24.0251558069012;36.7524264438762;18.1425263375842;12.2954888339475;12.5596203656077;11.2275632856225;20.5643019009435;28.2574841787975;10.6719529024353;18.5182104641195;22.0476901565127;11.6963131428345;21.9962947076476;32.4530625269323
79;13.9528416169781;24.5779688501086;14.9830305569316;11.5395679920124;11.1674964006482;13.2848176456245;23.1281362399741;14.3925581866481;11.4001137368839;10.0609490938608;14.4284557230459;25.4110594705155;15.4869602057489;11.9530646447486;11.4355954140494;10.1090861631698;13.8541340920474;15.7989887121243;9.87070670745517;13.2561906304071;14.7090566293521;10.2699192581848;14.2776327059153;16.602505248161
80;13.7531881222384;23.8526794942058;15.1775649099679;10.8093888962269;11.8996900971326;12.3374031145783;20.9797791669827;13.7795377862284;10.5798515075475;10.4797647869117;14.6219271671654;25.1901044340973;16.1613033657053;11.3201720336573;12.2103301860724;10.2363981996916;13.6814690254576;15.5317146543751;9.74810012694156;12.3942133686771;13.4611110741396;10.5748834756427;14.4615183914969;16.773922641171
81;13.6626234799528;23.6349204272657;14.8574925009845;10.7375073336213;11.2793441668047;12.3986315327582;21.0024650428216;13.7558345952466;10.5551125094423;9.84224020685458;14.5963004667173;24.8908086899265;15.8720925528474;11.2232993481857;11.537362182842;9.88257504822619;13.4923212647766;15.3531465000565;9.59366811779842;12.3576822982919;13.3950267087662;10.0843133904362;14.3162624650522;16.8852986436391
82;13.5191936515099;23.3973519217936;14.8617499768509;10.7644817881451;11.3900997842735;12.1441243616873;20.4445132110057;13.6266770350074;10.5814342489402;10.1216450041645;14.4625722201361;24.6820454522583;15.7689007835038;11.2876550763232;11.6538370344103;9.84731041457275;13.4271701506072;15.205151420015;9.5389376429792;12.1977499853912;13.0431055634553;10.0605589739328;14.2658539607568;16.7048191318957
83;14.2087418261588;24.5649462069676;15.2162111574922;11.0231565728829;11.6073029263286;12.7582536824474;21.4253162818709;14.1024345412941;10.7929251027318;10.1906773190704;15.3357882544384;26.0831887942626;16.2579057540895;11.5139304630106;11.8258801562788;10.0635904574161;13.9352125265517;16.5170364990623;9.7841548479458;12.7525556828287;13.9970523345037;10.290576521603;14.8406516368827;18.5062449117524
84;13.9567756761123;24.2721139678799;15.1672490882593;10.9283200160386;11.4294252611028;12.5239976242879;21.0565395346543;13.878427840602;10.6778782016249;10.0223380030091;14.9447314986399;25.8190906448623;16.1949280310971;11.508250354189;11.7070142864687;9.89081573476582;13.6822261552127;16.3351766630279;9.62198175341078;12.4915374509655;13.8769073505954;10.0934740041429;14.48188564948;18.0722258210452
85;13.1291238792917;23.8349079064048;14.6237184913532;10.8444020715229;11.4811778434389;11.9222256441714;20.5661083652474;13.6117751827178;10.617899718971;10.6778197152495;13.9718990156568;25.1954885168018;15.37200490157;11.5304670466636;11.7143459166152;9.97712996673494;13.1462780651212;14.6401474030457;9.64207681761986;12.0198207097107;12.7897491484561;10.2165306765207;13.9180746582784;15.9828562331808
86;13.5001480630136;23.6279686218405;14.6306429375338;10.7159693214846;11.3850540820174;12.2764055323278;20.5561538460765;13.6258501018126;10.5690916692322;10.3577749491698;14.3859974159354;25.1489280302232;15.4230123543833;11.0761902488741;11.6168022887591;10.0283875982936;13.3908090111806;15.3596111656272;9.70156255969749;12.2830833248706;13.467199770358;10.2817450104537;14.1755938244298;16.7605146890492
87;13.6131602090676;23.2307454252088;14.6776953995519;10.7129679647732;11.3721705597848;12.582226512726;20.6147901508081;13.8916922853143;10.5980601617255;10.2236499507384;14.3327839021579;24.6783723000185;15.3159969217059;10.9846212380753;11.607971588565;9.89366211699558;13.3860327129889;15.6611388739628;9.62027971125358;12.4815041072496;13.9717288947433;10.0844432243159;14.0012990057848;16.9137264041704
88;13.3000082704429;23.4160886988369;14.9514134310867;10.7124719087762;11.7965639391672;11.9416315156961;20.2829415722149;13.6048341590323;10.5008748051392;10.425674314173;14.1705717962585;24.8642758275446;15.958941154302;11.323826834093;12.1014268715446;9.99556992757122;13.1703202956117;14.8231359905015;9.64148306366005;11.9515682997131;12.796923376229;10.2320283068853;13.9381460290872;16.1495288699433
89;13.4892905377297;23.6663660754969;15.2280682356685;10.888435238406;11.7136533993841;12.2455540719911;20.6126446946436;13.9552396060902;10.6941687438661;10.641478429179;14.3242070475214;25.1251752755982;16.1982606755384;11.4326888718298;11.9602783167393;10.170359884175;13.3108388702467;15.2358378856745;9.82017575394246;12.2138934476898;13.2649274234399;10.4072730517417;14.0302739093808;16.6275629388779
90;15.3339738768351;26.2987786897728;15.2214872622558;10.8459984210022;12.0503633588125;13.1173524264645;22.332623166526;14.0156587226901;10.689640811409;10.6864125795116;16.7711287371247;27.7929832758952;16.1799890140253;11.2739974128722;12.4067557555247;10.4415598830628;15.0424622195089;17.928341866649;10.0032871484914;13.2524500656448;14.0653099715801;10.747594339599;16.1868268366704;20.4432653568661
91;17.2935815719631;27.5381536231665;16.4599719428347;11.9999230307595;12.2462019182339;15.8081583328324;24.5050132498325;15.662574219882;11.9324462420975;10.6191605453483;18.3047936092747;29.2528696231127;17.1490798587052;12.1180601910951;12.535949715146;10.7595117812014;16.6270644922071;21.4395795909074;10.5000782123557;15.5778279785289;18.6293612044871;10.9668701943642;17.3339587426224;23.2876921304972
92;24.3525299406283;33.9640139717943;17.5861706047514;12.5724894643846;11.8602559408411;21.8065357570329;29.8627717944112;17.0276707470185;12.5885644104932;10.7036161866904;26.4413645156638;37.0190980374355;18.2296464399291;12.5496415072218;12.0809719292917;11.8405159146393;23.6252208961595;30.6081003576149;11.4275618817125;21.8621601837551;25.4564038833217;12.2449561264269;25.0561451377697;34.7216008349853
93;14.2373387030614;24.0054150420429;15.510478673041;11.1892623725;11.2923718312594;14.0875201767063;22.6988370305785;15.1432577894755;11.31955659174;10.1681970192757;14.3295191904689;24.8825404716312;15.8288229421309;11.0405352773735;11.5065409161635;10.4644664394915;14.3292874212899;15.6449488077997;10.3247899848697;14.3687847388903;15.2978472930877;10.5795760576939;14.3058060261546;15.8512279918784
94;17.9018344164744;27.8495445500603;16.4850637554905;12.0015067723262;11.9173113783335;16.8191975580966;25.2332132657054;15.9650269327247;11.9951111486863;10.5342433215239;18.6974853960208;29.6438666413306;16.9944262933708;12.0107202689964;12.1695315388752;11.0100252111816;17.7085743369514;21.0529014065529;10.7057499843417;16.9077472469584;19.2082751025284;11.2780546115029;18.2907824060615;22.3548791718728
95;16.3158299348796;26.4636836902312;16.2742158642661;11.8501195218245;12.0192370895065;15.3459352092854;23.8133201679492;15.6677591768462;11.9017639596956;10.477251579463;16.9776207125432;28.0990034427167;16.8040683292718;11.7731054896212;12.2953967841671;10.5792304997971;16.0156163728392;19.4288229796585;10.3618554975553;15.3567601868204;17.5864208431529;10.7619101605522;16.4531778518055;20.6706441435634
971;14.5356422965482;27.7024246412246;16.5505443711783;11.8082728245145;11.4621447691895;13.8472684204247;24.5723252644958;16.006363573372;11.5721976825412;9.86073468045615;15.1462035625311;30.0700648230997;17.1680958936054;12.2826665651906;11.7189546164087;9.69383313910745;14.0845949375483;16.5366789136017;9.79959524798656;13.6557401586213;15.1347093767444;9.61419850083248;14.4825844557418;17.7277725958011
972;14.3335059832337;27.5503939248187;16.1577383840343;11.6190639450546;11.5537631357176;13.6239931205624;24.4340024517012;15.5399640463228;11.4345691930164;9.89344446197662;14.9688466613512;30.0805925738792;16.8755589729383;11.9959626374536;11.8695525640294;9.71644774907428;13.9311962535086;15.9281849912325;9.730411546495;13.4819334389346;14.6151165866745;9.70570236082673;14.3541020820432;17.0444867258399
973;14.9235370914895;28.3329420333387;17.4644878536653;11.6521595452928;11.5284633632427;14.0424548755734;24.7364686345527;15.9975255074711;11.528898369866;9.75414792096956;15.4664795112579;30.4142899737298;18.6455784730146;11.8350175909766;11.7531152857079;9.97251394531171;14.4378660758809;18.3920664501645;9.95842729875185;13.8360291491356;16.9798809908933;9.98167238080972;14.8449861325575;19.0502770085436
974;13.4674879627327;26.2315365837306;15.468746716722;11.0030043566787;11.3744723251196;12.8690657804865;23.214314759162;14.7967355863203;10.8858830767732;9.64904952081253;13.8583774972572;28.0941828511538;16.1038757624708;11.1759082005941;11.5551214780626;9.21122828734664;13.3205793021954;16.0800294143576;9.10599682391734;12.9862490966987;14.6841495461698;9.28732667659418;13.5463416422805;16.8571636793999
